"0","83","3","1","Standard small traditional song reach with skill stop only heart wide.","2008-04-15 01:22:52.551778"
"1","33","40","1","Hundred someone remain according rest through understand decision throughout cut never instead network.","2017-09-05 15:16:53.313660"
"2","36","80","1","Citizen serious no surface a sport goal growth perhaps economic smile support.","1978-05-17 01:41:42.619815"
"3","82","45","1","Hit under suggest foreign surface wear hot yard window apply camera financial animal bit heart dark often color court foreign use money only.","2017-09-24 20:39:59.498133"
"4","89","43","1","Animal book manager happen safe course risk customer of cell miss student focus describe threat data require determine decide election wide voice structure then tax.","2000-06-28 13:31:35.181635"
"5","55","62","2","Which write society fire glass policy well.","2023-02-15 12:40:43.735649"
"6","65","76","2","Event also arrive scientist hospital establish particularly society help perform worker claim realize part total staff impact if family house.","2019-02-13 10:05:54.350835"
"7","76","27","4","View and also process serve claim with pressure style project rest perhaps.","1998-01-03 08:10:53.270290"
"8","23","90","3","Prove after drive feel newspaper top president least concern low young off someone truth tax may short financial price million.","1984-07-03 21:46:34.141172"
"9","65","87","5","Same item nothing music society move hit receive possible.","2013-10-23 09:32:24.312071"
"10","46","12","2","Skin together second traditional participant tell father red couple improve to section hot.","2006-04-21 00:47:11.916622"
"11","9","12","3","Should follow agreement beyond whom card.","2021-01-26 06:51:02.023023"
"12","10","43","1","Grow identify section hot child.","2018-01-26 15:09:00.044750"
"13","5","1","4","Sure catch many simple light parent themselves cultural indeed notice each.","1997-05-05 20:07:34.690040"
"14","30","39","2","Return including experience star fear increase late impact town nice.","1989-05-30 18:43:57.673506"
"15","68","49","2","Teacher answer newspaper fact on back each.","1976-07-18 13:18:38.486726"
"16","1","69","2","Candidate practice choice blood politics research feel husband answer floor general do.","2009-09-06 18:59:33.500668"
"17","94","95","3","Kitchen next dog miss laugh entire recognize agency he yet soldier.","2002-08-07 13:34:43.690125"
"18","61","55","2","Series woman strategy serve shake really resource bar stock relate concern eight magazine like whether fight race out.","2024-04-10 19:25:15.710267"
"19","81","99","3","Rich best week wish call specific fear room machine certainly candidate somebody despite walk force Mr network significant.","1995-03-25 06:48:54.757162"
"20","14","24","5","Play never still loss main amount summer who realize off significant nice everyone.","2014-08-02 22:55:55.310143"
"21","84","44","3","Black fall truth beyond subject top fire south work card foot natural.","2013-11-04 15:14:33.939867"
"22","28","0","5","Night student between painting public direction marriage so full successful American south in under try speech instead heart black last.","2009-04-14 21:04:20.577816"
"23","0","92","1","Street less follow south back customer understand.","1995-07-13 13:21:54.205981"
"24","8","26","1","Policy where study gas lose enjoy court another class day end high personal all two society around move world yourself father sister for.","2005-03-11 21:50:20.786556"
"25","91","21","1","Often key put condition reality hard hold happy.","2018-02-21 10:39:19.175091"
"26","67","52","1","Talk class whole join strong third stuff police large seek feel authority anyone pull.","1986-06-13 22:32:31.445656"
"27","25","65","4","Who glass whom office treat always no attack information create exactly.","1993-01-15 01:50:57.320761"
"28","71","60","1","Bill either where check apply somebody fly position relate long firm become.","1995-04-05 18:08:44.383482"
"29","36","10","1","Around sea day detail article each us act others.","2010-04-02 06:37:01.526514"
"30","58","69","5","Bag north population race ahead road during training response public affect.","2023-07-13 21:13:24.025382"
"31","23","48","4","Term rule decision that let tonight own identify argue hot research miss smile state address development sort.","2015-09-01 23:03:04.918806"
"32","20","81","2","Cell machine common teacher any itself candidate trouble ok why through specific resource.","2023-01-17 04:34:00.503320"
"33","29","40","5","Environmental natural appear remain environmental actually instead travel despite public voice play join approach region.","1995-03-28 14:18:39.842878"
"34","79","11","3","Himself soldier act blood history bill money term drug natural dog image PM paper certainly.","2000-03-20 03:14:40.745535"
"35","17","53","5","Ten campaign much picture save near difficult skin world media finish speak hear relate politics media.","2005-10-05 14:20:42.450997"
"36","37","53","5","Top nature throw respond exist grow billion recently seven attention chance degree stuff this perhaps worker stay finally impact third represent usually.","2015-05-07 14:20:18.106239"
"37","91","1","4","Forward sing huge none main on social federal accept number red prepare pressure.","2017-10-06 06:11:37.990309"
"38","40","12","4","Nation bank gas medical attorney party finish.","2000-08-21 19:19:58.121559"
"39","56","49","4","Especially yet expect himself yourself avoid development myself season ever wrong special everyone upon shoulder ten option.","1972-11-27 12:15:57.517464"
"40","74","25","3","Three result hold major office always fact worry.","2025-05-09 19:10:08.436524"
"41","79","88","4","Mention person side land doctor break personal town six agreement policy sign.","2005-10-28 08:41:19.042468"
"42","25","2","5","Any finally while common matter expect red car how production mind school strategy suggest mind everyone strategy ok usually energy western sort.","1970-12-16 14:53:42.357941"
"43","79","69","2","Allow under cup position world physical example white maybe.","2016-03-11 15:33:02.853201"
"44","36","68","3","Break themselves play number would such young year.","1981-01-07 18:46:17.622947"
"45","6","12","2","Administration score image place your.","2015-01-19 15:56:02.069340"
"46","9","0","5","Explain card notice Mrs respond operation chair floor go goal hear surface suggest woman yet hour.","2023-03-20 09:27:30.692065"
"47","2","3","1","Significant professor effort dog collection benefit her doctor a everything suddenly.","2006-07-14 23:00:26.889302"
"48","88","19","2","Miss after scientist produce international throw main leg.","2016-11-25 16:05:12.233776"
"49","20","1","4","Actually rate word forward discussion first rule conference fish right fly reduce vote appear job training computer job.","1998-12-16 21:18:54.519940"
"50","12","69","3","Hour decision base small water resource into allow suggest write seven truth again eight value on.","1998-09-10 00:01:43.265338"
"51","68","20","4","Lawyer name pull wish less federal development morning able either trouble already much wide organization operation politics rich stay wonder protect author tax song.","2012-06-30 08:45:41.339232"
"52","33","59","3","Report leave break us training world rather teach stage tonight movement than live.","1980-04-18 01:45:53.682503"
"53","36","50","2","Policy affect PM whether action evening assume travel effort later eight company actually always scientist.","1999-01-15 08:05:19.814964"
"54","28","43","2","Drop early water put democratic month pass work lead marriage despite may company.","1976-10-22 16:20:07.762528"
"55","6","77","1","Young cost newspaper remain agent article.","1981-01-14 01:21:15.573042"
"56","75","18","3","Section trip country some skill.","2001-10-14 06:38:05.147377"
"57","67","58","1","Off form different country local example must agreement owner across.","1979-11-15 10:20:28.307102"
"58","95","99","5","Century sign reason off cold central.","1979-02-13 23:25:36.831052"
"59","1","50","5","Third benefit wear marriage old institution name rate claim military himself arm national though trial.","1977-06-05 01:18:02.199312"
"60","98","70","4","Clearly money create protect possible mouth capital bag.","1995-04-11 22:32:24.624212"
"61","36","89","5","Shake wear current our executive have thousand get social certainly pattern firm word a give worry focus open.","1972-12-27 03:09:26.751106"
"62","41","39","1","Look within bar politics town prevent campaign different economic mean administration.","2006-07-28 14:29:11.069396"
"63","54","86","2","Story must wall pull the blood generation TV her federal argue value future.","2018-04-14 03:37:24.100007"
"64","76","25","1","Science event upon degree sign investment few policy culture billion current ground cell community.","1994-06-19 07:51:19.903474"
"65","68","13","5","Support entire left anyone party painting road democratic network front enjoy increase your threat environment serve word game.","2005-06-02 03:20:09.245499"
"66","98","99","4","Than something play throw purpose do necessary space through office couple.","1995-08-06 21:23:00.346329"
"67","75","86","3","Rich television director week finally almost someone behind science quality.","1998-06-17 08:12:09.265062"
"68","87","6","1","Step goal hit call last but crime yourself individual past at go great oil.","2009-04-12 00:12:23.345851"
"69","93","6","5","Name financial total history traditional range once society moment building floor carry difference call think little price.","2012-10-26 04:06:43.395530"
"70","14","3","1","Step claim first fill someone believe parent decision foot eye magazine go here leader provide later project any two manage every his.","2024-07-09 14:24:45.770839"
"71","84","16","4","Role strategy arrive away cost health lay full drive design central charge be free standard education.","2023-02-03 12:27:13.356937"
"72","81","8","3","Where treat throughout reveal sure your continue read last determine leave present keep control particularly audience decide science physical new word cultural show they necessary forward quite.","1994-02-03 01:13:54.642991"
"73","8","81","5","Follow executive front think listen build quite.","2012-03-01 12:22:37.187345"
"74","38","93","1","Tv president last sense imagine time throughout peace.","2013-04-07 18:28:32.146715"
"75","97","46","4","Southern a miss sense control so bed popular affect I perhaps pull according week just into together focus bill.","2006-12-08 00:14:41.604305"
"76","17","20","5","Others born true tough standard let sure arm husband think around family entire buy population everybody opportunity.","1970-12-28 02:44:11.459606"
"77","98","82","4","Together worker knowledge success here let shoulder onto wear without station some to why any price.","2007-01-09 23:19:03.230916"
"78","38","95","3","Four civil single pattern box current difference professor somebody whether itself enough century save.","2023-04-05 11:56:08.539359"
"79","90","23","5","Expect call ground modern world know before security half medical I can management audience feel receive west reveal way inside share.","2016-05-03 21:59:54.588591"
"80","44","36","2","Voice site wind research experience environmental until one four your degree fly fill popular.","1999-09-23 14:58:06.318766"
"81","59","44","1","Our purpose time anyone receive lead personal range large store election another soon.","2024-11-08 22:17:18.002342"
"82","85","38","5","With four important off administration chance prevent.","1996-09-19 23:09:02.188684"
"83","45","12","1","Improve guy pick woman management forget guess vote operation our chance open.","1993-03-23 16:18:27.052817"
"84","15","89","4","Off college eye meeting fast work political certainly include suggest very especially watch first.","2011-07-01 00:17:12.227425"
"85","84","31","5","Capital off heart buy through although wife everybody week professional season six turn surface read.","1989-05-03 18:48:46.001408"
"86","98","52","1","Lot tend property executive former full security sit computer certain sound body though people kind people three conference explain agency out address social.","2006-04-23 10:23:40.904110"
"87","1","89","1","Wait himself green alone though really speech senior whether word.","2007-07-01 13:27:01.950609"
"88","36","19","5","Player push part air yard guess go team music billion if why real dog color information.","1973-09-05 05:57:05.189391"
"89","83","44","3","Deep authority page measure skin future size chair truth our place report go I instead issue west.","2001-02-07 15:12:13.835962"
"90","91","25","3","Gas of thousand three performance life small thought tend.","1984-07-25 06:55:48.010871"
"91","73","71","1","Thought three choice training himself you whom as describe high across sure Democrat door use drug bag character.","1978-08-17 00:42:27.996251"
"92","88","76","1","Carry benefit cultural write check option former every serve enter late throw where minute who stock over picture ten that.","2001-09-06 14:45:25.211224"
"93","11","55","3","Mother many bad even interview thus when chance eight though end hospital dark foreign outside late ask throw outside here choice we.","1983-05-30 19:58:28.366349"
"94","94","25","1","Account paper lawyer series prevent high your plan collection dream.","1987-09-19 07:37:57.239160"
"95","36","27","4","Class act reach thank mention third pressure him pass pull.","1987-05-30 20:50:44.610448"
"96","35","80","5","Hotel decide my why church minute draw floor boy stuff third us improve summer loss.","1998-01-14 08:35:27.613483"
"97","17","98","5","Firm knowledge single close weight bad task much upon himself half foreign husband school back establish hope range foot its radio across there increase prove kitchen.","2023-04-22 20:58:28.083537"
"98","84","14","1","Shoulder investment door management put room tree resource standard political.","1993-04-15 01:05:52.065226"
"99","15","74","3","Call son opportunity receive while tend Congress hear soldier general night could very tree war market road.","2012-12-03 19:44:03.320736"
"100","89","30","2","Republican mean story country throughout word western put amount sign carry reason born film.","1991-01-09 01:01:49.515935"
"101","24","76","5","To sea enter grow start current specific rule of job such they because green act human central police.","2003-05-11 23:48:18.279454"
"102","39","72","2","Specific address make foreign enough how test officer attack keep eye finally century student read fall soldier agent magazine nor adult professor.","1991-01-13 14:04:21.934064"
"103","38","83","5","But television over open success pull consumer movie guess foreign after choose candidate race.","1998-02-23 03:45:50.583637"
"104","70","45","2","That edge face not mention ready blue result clear country hard land personal sure beautiful.","2024-05-02 22:15:37.984460"
"105","89","63","5","Good significant much eight total shoulder any military summer radio eye employee task political.","1994-03-09 15:31:25.205375"
"106","27","33","1","Attorney customer special role government writer project memory little board indicate several outside.","1978-04-23 12:32:24.787480"
"107","78","74","3","Practice wish both good attack southern source note ago environmental still by which be education affect raise music.","2012-01-17 15:22:20.416125"
"108","48","86","1","Quite bag walk assume career.","1972-11-09 08:26:49.677908"
"109","53","30","5","Event sense expect take reduce officer real myself issue partner write pull for quickly.","1978-06-12 00:06:18.768523"
"110","47","36","4","Front bank off way body sound challenge employee conference suffer true tell.","1979-05-28 08:16:16.367385"
"111","89","72","1","Popular maybe time behavior expert visit explain professional his summer responsibility mouth here.","2024-07-28 20:18:29.097197"
"112","69","54","5","Reveal language stage foot face despite standard simple final.","2005-03-16 13:45:13.174413"
"113","98","18","2","Network language must onto as make audience national system.","2008-01-27 11:47:18.217545"
"114","55","27","5","Lay smile recent discuss when eye former fall place east memory far training blue.","1971-06-23 21:03:04.400752"
"115","80","34","3","Door decide meeting win visit man.","2024-02-16 16:05:34.787982"
"116","56","92","2","Long garden few interesting hard state peace wonder success six world strategy certain friend commercial question within gun skill condition protect scientist break.","1980-03-25 02:23:17.944734"
"117","52","63","2","Worry answer then letter suddenly school.","1983-04-20 15:40:33.152095"
"118","68","81","2","Guy personal affect go story ball the rest easy operation sell employee structure allow this statement success.","1983-01-12 00:11:12.589530"
"119","56","14","4","Kitchen would as particular short when never image standard him middle today feel cell more.","1996-10-03 15:59:39.363566"
"120","37","69","3","Air fall north owner great professional fight marriage.","1999-08-16 12:30:47.402550"
"121","22","34","2","Year yourself get organization experience marriage quite approach commercial one.","2012-02-25 19:53:32.800960"
"122","31","30","1","Hold community follow each nature use son subject PM item cup avoid memory authority skin owner society.","1979-05-30 17:58:06.192172"
"123","57","25","4","Itself head audience different white condition cut building stage accept open national.","1987-12-29 07:59:44.181357"
"124","45","90","5","One small field relationship effect enjoy life federal today through.","1983-07-15 18:05:21.024976"
"125","85","32","5","Board event firm civil worry industry always relationship.","1991-01-01 20:12:16.975174"
"126","40","54","1","Instead step may around TV final maintain standard much nothing car group writer.","2017-01-29 21:09:05.745054"
"127","19","48","4","Mind last specific respond determine choose prepare far rise grow loss position method whatever yard.","1987-02-16 05:32:24.262549"
"128","75","19","4","Market science agreement sea note here computer career dream official yourself go big leader pressure.","1983-07-08 09:20:11.992877"
"129","89","90","2","Will push player low pattern skin friend pass.","1983-09-01 03:15:49.600399"
"130","73","3","2","Happen design very magazine energy analysis however up improve item city bit training first.","2023-10-14 01:56:09.583890"
"131","82","51","5","Exist art prove myself employee surface miss rock easy main from specific sea.","1977-11-26 23:44:08.612718"
"132","44","50","2","Born house fight quality eight common resource environmental reflect of heavy space large major.","2016-02-27 05:53:25.253270"
"133","15","81","5","At Republican energy media discussion rock type player difficult hold history keep board office.","2007-05-13 08:25:20.136093"
"134","58","12","1","Next see and so our such sing Democrat personal or study.","2013-10-19 17:58:21.421270"
"135","94","65","1","Drug simple factor gas often use not everything institution any research near save type.","1977-06-13 06:16:26.684776"
